1,2077,4.15
2,701,3.2
3,478,3.02
4,170,2.73
5,296,3.01
6,940,3.88
7,458,3.41
8,68,3.01
9,102,2.66
10,888,3.54
11,1033,3.79
12,160,2.36
13,99,3.26
14,153,3.54
15,146,2.46
16,682,3.79
17,835,4.03
18,157,3.34
19,389,2.48
20,160,2.54
21,1356,3.62
22,378,3.35
23,126,2.86
24,624,3.18
25,980,3.65
26,100,3.53
27,61,2.93
28,179,4.06
29,403,4.06
30,74,3.65
31,141,3.11
32,1511,3.95
33,4,3.0
34,1751,3.89
35,70,3.31
36,928,3.96
37,8,3.5
38,28,2.82
39,1362,3.62
40,30,3.93
41,242,3.96
42,221,2.87
43,166,3.45
44,311,2.79
45,544,3.42
46,166,3.11
47,1137,4.11
48,382,2.98
49,27,3.74
50,1783,4.52
52,431,3.64
53,8,4.75
54,41,2.56
55,45,3.07
56,9,2.0
57,99,3.4
58,501,4.09
59,8,2.75
60,357,3.21
61,67,3.0
62,541,3.7
63,111,2.86
64,79,2.27
65,143,2.06
66,97,1.67
67,4,3.25
68,60,3.45
69,319,3.66
70,914,3.16
71,96,2.1
72,93,3.63
73,224,3.82
74,120,2.98
75,12,1.92
76,178,2.85
77,34,3.76
78,50,3.26
79,114,2.61
80,52,3.83
81,166,3.16
82,89,3.88
83,33,3.7
84,21,3.1
85,194,3.4
86,236,3.39
87,76,2.21
88,192,2.94
89,229,3.07
90,6,3.67
92,88,2.34
93,89,2.24
94,182,3.73
95,638,2.88
96,13,3.92
97,44,3.75
98,6,2.0
99,50,3.46
100,128,3.06
101,253,3.87
102,60,1.82
103,33,3.21
104,682,3.53
105,387,3.23
106,12,3.58
107,256,3.15
108,7,2.86
110,2443,4.23
111,1240,4.18
112,570,3.44
113,53,2.98
114,11,3.09
116,41,4.1
117,79,3.63
118,68,3.07
119,13,2.46
120,3,2.67
121,37,4.05
122,194,2.77
123,115,3.87
124,14,3.21
125,318,3.83
126,99,1.99
127,1,1.0
128,12,4.33
129,13,3.31
130,2,4.0
131,16,3.06
132,91,2.49
133,1,1.0
134,2,4.0
135,133,2.81
136,8,3.25
137,13,3.0
138,2,2.5
139,1,4.0
140,139,3.17
141,682,3.55
142,1,1.0
144,433,3.39
145,362,3.3
146,18,2.89
147,181,3.54
148,23,2.78
149,47,3.79
150,1251,4.07
151,554,3.59
152,69,3.0
153,777,2.64
154,168,3.73
155,87,3.41
156,66,3.56
157,187,2.73
158,259,2.98
159,116,3.28
160,565,2.24
161,760,3.72
162,491,4.06
163,540,3.46
164,379,3.57
165,825,3.56
166,61,2.46
167,5,3.6
168,362,2.95
169,113,2.02
170,321,3.15
171,93,3.57
172,458,2.58
173,564,2.31
174,81,2.31
175,220,3.48
176,205,3.92
177,139,2.73
178,19,3.47
179,48,2.21
180,451,3.55
181,93,1.61
182,49,3.14
183,29,3.48
184,26,3.35
185,569,2.87
186,211,2.76
187,105,3.24
188,190,3.22
189,15,3.4
190,100,3.75
191,75,2.47
192,2,3.0
193,217,2.05
194,213,3.76
195,164,2.84
196,550,2.82
197,17,3.06
198,605,3.3
199,117,3.81
200,12,2.42
201,33,2.64
202,30,2.5
203,203,3.05
204,203,2.92
205,85,3.61
206,82,3.67
207,219,3.13
208,651,2.63
209,52,2.46
210,41,3.15
211,34,3.56
212,14,1.93
213,123,4.06
214,28,4.25
215,160,3.81
216,355,3.18
217,64,2.63
218,195,3.13
219,22,3.18
220,28,1.82
222,329,3.55
223,1412,3.95
224,386,3.39
225,254,3.17
226,1,2.0
227,129,2.67
228,13,2.15
229,108,3.5
230,349,3.45
231,660,3.19
232,346,4.08
233,235,3.61
234,147,2.22
235,927,3.7
236,326,3.3
237,257,2.97
238,32,2.81
239,168,2.88
240,45,2.71
241,29,3.31
242,80,3.5
243,10,2.1
244,10,1.9
245,11,3.0
246,716,4.19
247,477,3.87
248,138,2.91
249,261,3.76
250,30,2.6
251,18,3.28
252,367,3.27
253,738,3.52
254,38,3.08
255,66,2.06
256,218,2.65
257,114,3.23
258,144,2.42
259,102,2.84
260,2991,4.45
261,285,3.65
262,172,3.87
263,28,3.86
264,5,3.2
265,772,3.93
266,705,3.43
267,140,2.73
268,54,3.37
269,55,3.53
270,79,3.04
271,63,3.14
272,383,3.73
273,244,2.9
274,24,2.38
275,80,2.54
276,228,2.69
277,170,3.18
278,40,2.75
279,46,3.72
280,212,3.57
281,233,3.65
282,215,3.22
283,18,3.0
286,1,3.0
287,21,2.9
288,700,3.14
289,158,3.34
290,168,3.92
291,48,2.21
292,733,3.27
293,923,4.11
294,42,3.1
295,29,2.76
296,2171,4.28
297,28,3.11
298,23,3.91
299,143,3.66
300,705,3.76
301,43,3.3
302,86,3.81
303,418,2.98
304,35,3.14
305,127,2.5
306,334,4.23
307,243,4.1
308,202,3.97
309,48,3.69
310,6,2.67
311,1,3.0
312,112,2.44
313,54,2.89
314,300,3.85
315,153,2.65
316,1116,3.49
317,641,3.19
318,2227,4.55
319,273,3.89
320,32,3.41
321,61,3.75
322,209,3.71
324,33,3.97
325,49,2.45
326,61,4.34
327,358,2.61
328,144,3.11
329,990,3.38
330,149,2.73
331,21,3.1
332,161,2.55
333,410,3.5
334,114,3.86
335,41,3.49
336,19,2.68
337,693,3.84
338,221,2.88
339,673,3.5
340,84,3.27
341,31,3.84
342,518,3.68
343,42,2.43
344,766,3.15
345,469,3.81
346,120,3.53
347,46,3.17
348,455,3.7
349,1059,3.73
350,515,3.39
351,257,3.34
352,119,3.13
353,734,3.45
354,67,3.18
355,267,2.35
356,2194,4.09
357,1233,3.74
358,141,3.17
359,19,3.21
360,127,2.5
361,268,3.42
362,239,3.36
363,62,4.26
364,1121,3.86
365,71,3.17
366,251,2.82
367,1179,3.28
368,802,3.52
369,58,3.31
370,412,2.9
371,212,3.18
372,428,3.15
373,258,3.86
374,183,2.11
375,17,3.29
376,350,3.25
377,1650,3.57
378,140,2.89
379,436,2.89
380,1400,3.63
381,211,3.26
382,272,2.93
383,270,3.27
384,40,2.9
385,10,3.4
386,30,2.6
387,102,2.75
388,97,3.64
389,20,3.7
390,59,3.54
391,40,3.28
392,25,2.8
393,105,1.86
394,18,3.67
396,1,4.0
397,12,2.42
398,1,4.0
401,2,3.0
402,1,3.0
404,4,3.75
405,203,2.12
406,8,3.63
407,193,2.91
408,72,3.32
409,49,3.02
410,463,2.91
411,13,2.62
412,295,3.56
413,245,2.53
414,90,2.66
415,179,2.48
416,89,2.43
417,208,3.49
418,29,2.52
419,156,2.19
420,352,2.51
421,94,3.36
422,57,3.12
423,221,3.11
424,75,2.6
425,105,3.61
426,269,3.08
427,166,2.37
428,263,3.93
429,187,2.38
430,24,2.42
431,369,3.69
432,392,2.58
433,48,2.79
434,686,3.08
435,533,2.61
436,141,2.65
437,64,2.05
438,152,2.63
439,2,4.5
440,948,3.81
441,643,3.69
442,640,2.99
443,31,3.39
444,81,2.3
445,100,2.61
446,254,4.08
447,31,2.48
448,228,3.6
449,71,3.66
450,228,3.28
451,106,3.15
452,38,3.29
453,67,3.22
454,824,3.55
455,285,2.59
456,93,4.0
457,1995,4.1
458,87,3.28
459,143,2.83
460,38,2.26
461,86,3.28
462,28,2.64
463,47,2.74
464,216,2.78
465,105,3.31
466,573,2.8
467,54,3.2
468,350,3.27
469,69,2.96
470,38,1.74
471,599,3.63
472,44,2.7
473,151,2.23
474,972,3.83
475,312,3.9
476,35,2.69
477,195,3.47
478,24,2.46
479,133,2.8
480,2672,3.76
481,294,3.38
482,176,3.53
483,74,3.74
484,29,2.66
485,500,2.51
486,64,2.81
487,62,2.61
488,39,3.38
489,97,2.47
490,185,3.32
491,212,3.32
492,335,3.72
493,298,3.61
494,416,3.35
495,42,3.38
496,37,3.22
497,667,4.0
498,47,2.74
499,49,2.76
500,838,3.42
501,94,3.61
502,155,1.94
503,13,3.69
504,178,2.96
505,69,2.49
506,114,3.49
507,308,3.52
508,561,3.89
509,608,3.67
510,42,2.4
511,152,3.11
512,179,2.87
513,67,3.12
514,346,3.53
515,450,3.92
516,248,2.87
517,382,3.18
518,149,2.46
519,202,1.94
520,374,2.93
521,117,3.37
522,83,3.57
523,117,3.66
524,476,3.62
525,21,3.19
526,8,2.5
527,2304,4.51
528,68,2.51
529,720,3.98
530,2,3.5
531,338,3.77
532,389,3.05
533,203,2.73
534,286,3.84
535,301,3.82
536,55,3.16
537,207,3.08
538,315,3.82
539,986,3.76
540,169,2.22
541,1800,4.27
542,206,2.67
543,682,3.38
544,129,2.64
545,1,2.0
546,350,1.87
547,124,2.88
548,137,2.55
549,157,3.82
550,178,3.02
551,996,3.72
552,529,3.24
553,553,3.87
554,26,2.62
555,658,3.93
556,132,4.23
557,2,4.5
558,135,2.7
559,5,3.0
560,8,3.63
561,13,3.62
562,478,3.8
563,17,3.24
564,45,2.27
565,61,3.13
566,13,2.92
567,14,3.57
568,35,3.86
569,100,2.93
570,23,3.22
571,34,3.59
572,2,3.0
573,21,3.52
574,175,3.45
575,107,2.82
576,1,3.0
577,55,2.96
578,2,4.5
579,1,2.0
580,62,3.24
581,141,4.05
582,2,3.0
583,28,3.68
584,1,4.0
585,418,2.91
586,675,3.13
587,1124,3.5
588,1351,3.79
589,2649,4.06
590,1451,3.92
591,2,2.0
592,1431,3.6
593,2578,4.35
594,763,3.85
595,1060,3.89
596,498,3.75
597,1046,3.64
598,8,4.25
599,264,4.09
600,30,3.0
601,1,3.0
602,41,4.12
603,58,3.0
605,226,3.31
606,93,2.23
607,2,2.0
608,2513,4.25
609,67,2.78
610,618,3.55
611,216,2.47
612,79,2.41
613,82,3.63
614,9,2.67
615,67,4.04
616,278,3.35
617,17,3.65
618,9,2.11
619,32,2.59
621,42,3.71
623,3,3.0
624,1,4.0
626,19,2.26
627,121,3.6
628,485,3.9
630,7,2.86
631,75,2.08
632,13,4.0
633,20,3.6
634,3,1.67
635,77,3.62
637,140,2.54
638,19,3.21
639,78,2.62
640,71,2.68
641,1,1.0
642,1,2.0
643,3,2.0
644,1,2.0
645,20,3.6
647,441,3.55
648,1527,3.43
649,16,4.19
650,89,3.47
651,1,2.0
652,9,2.89
653,612,3.23
655,1,1.0
656,39,2.56
657,2,3.0
658,1,3.0
659,25,3.72
660,2,1.5
661,525,3.46
662,128,2.98
663,264,3.42
664,8,3.0
665,35,3.66
666,3,3.33
667,47,2.04
668,47,4.4
669,23,4.17
670,56,4.41
671,456,3.68
672,2,2.0
673,563,2.62
674,386,3.02
678,306,4.25
679,2,3.5
680,64,3.36
681,15,3.93
682,4,3.5
684,1,1.0
685,30,3.3
687,3,3.0
688,213,2.28
690,2,2.0
691,121,3.1
692,106,2.11
694,141,2.65
695,135,3.18
696,4,3.25
697,85,2.55
698,5,2.2
700,145,3.32
701,1,4.0
702,27,3.67
703,10,1.6
704,42,2.31
705,36,3.83
706,2,2.5
707,275,3.09
708,679,3.43
709,144,3.04
710,51,2.33
711,62,2.5
712,2,3.5
714,153,3.89
715,52,3.62
716,28,2.68
717,1,4.0
718,33,3.48
719,239,2.86
720,438,4.43
722,27,3.81
724,416,3.09
725,91,2.79
726,9,3.0
728,217,3.76
729,3,3.67
730,1,1.0
731,47,2.85
732,6,2.83
733,1340,3.72
734,3,3.0
735,101,3.36
736,1110,3.17
737,300,2.03
741,314,4.09
742,174,2.53
743,107,2.57
744,3,2.0
745,657,4.52
746,31,4.0
747,55,2.0
748,417,3.15
749,4,2.75
750,1367,4.45
751,15,3.53
753,32,3.16
754,13,2.92
755,9,3.78
756,4,3.0
757,4,3.75
758,1,4.0
759,59,4.1
760,33,3.52
761,123,2.79
762,298,2.18
763,1,3.0
764,74,3.27
765,171,2.63
766,100,3.57
767,24,3.21
769,12,3.25
771,18,3.78
774,1,4.0
775,9,3.22
776,4,3.0
778,751,3.96
779,52,2.69
780,1730,3.51
781,103,3.38
782,145,2.55
783,390,3.22
784,385,2.73
785,765,3.48
786,460,3.12
787,3,5.0
788,948,3.0
789,2,3.0
790,1,3.0
791,2,3.5
792,1,4.0
793,10,2.6
796,3,3.33
798,204,2.71
799,338,3.35
800,630,4.08
801,121,3.1
802,427,3.5
803,57,3.68
804,233,2.98
805,344,3.59
806,60,3.17
807,14,3.0
808,43,3.4
809,105,2.57
810,120,1.47
811,9,3.89
813,47,2.51
814,1,3.0
815,6,2.0
818,189,2.56
820,4,3.25
821,2,2.0
823,4,3.25
824,28,3.93
826,1,1.0
827,2,3.0
828,54,2.91
829,131,2.29
830,295,2.95
831,20,3.85
832,564,3.48
833,78,2.18
834,4,2.0
835,103,3.13
836,237,2.65
837,218,3.48
838,501,3.88
839,135,2.21
840,50,2.56
841,25,3.4
842,151,2.59
843,1,1.0
844,7,3.57
846,38,3.74
847,7,1.86
848,156,3.44
849,511,2.51
850,30,3.67
851,127,3.5
852,615,3.22
853,3,4.0
854,8,3.63
858,2223,4.52
859,1,2.0
860,10,3.6
861,273,3.51
862,31,3.65
863,10,3.5
864,12,3.58
865,1,2.0
866,572,3.82
867,24,2.21
868,1,3.0
869,42,3.1
870,49,2.18
872,1,3.0
874,8,3.13
875,44,3.39
876,21,2.86
877,24,3.29
878,1,4.0
879,237,2.83
880,324,2.2
881,77,2.62
882,59,2.71
884,2,3.0
885,43,2.58
886,104,2.94
887,2,2.5
888,48,2.21
889,2,2.5
891,183,2.36
892,152,3.86
893,69,3.7
895,2,1.0
896,51,3.43
897,98,3.76
898,582,4.3
899,751,4.28
900,343,3.85
901,174,3.64
902,676,3.91
903,905,4.27
904,1050,4.48
905,374,4.28
906,187,4.1
907,105,3.92
908,1315,4.38
909,417,4.13
910,832,4.3
911,306,4.18
912,1669,4.41
913,1043,4.4
914,636,4.15
915,365,3.96
916,425,4.22
917,77,3.68
918,189,3.79
919,1718,4.25
920,1156,4.0
921,302,3.89
922,470,4.49
923,1116,4.39
924,1716,4.07
925,12,3.25
926,403,4.26
927,84,3.98
928,386,4.2
929,93,3.78
930,445,4.29
931,206,3.91
932,189,3.95
933,443,4.1
934,304,3.66
935,71,3.63
936,132,4.08
937,44,3.75
938,187,3.62
939,11,3.18
940,378,3.97
941,105,3.7
942,292,4.2
943,171,3.98
944,97,3.79
945,251,4.15
946,161,3.85
947,188,4.11
948,130,3.75
949,215,3.98
950,292,4.24
951,397,4.25
952,269,3.6
953,729,4.3
954,383,4.24
955,413,4.17
956,40,3.55
957,37,3.24
958,13,3.38
959,58,3.74
960,20,3.45
961,23,3.48
962,11,3.55
963,54,3.57
964,51,3.39
965,253,4.08
966,6,4.0
967,23,3.26
968,715,3.67
969,1057,4.25
970,37,3.41
971,271,4.05
972,6,3.17
973,82,3.91
974,16,3.75
975,2,1.5
976,56,3.57
977,2,2.0
978,100,3.94
980,5,2.8
981,4,2.75
982,81,3.68
984,33,2.67
985,4,3.75
986,232,3.6
987,40,2.9
988,69,3.38
989,1,5.0
990,54,2.57
991,170,3.52
992,20,2.6
993,9,3.11
994,450,4.1
996,256,2.91
997,28,3.36
998,93,3.01
999,286,3.28
1000,20,3.05
1002,8,4.25
1003,121,2.94
1004,101,2.66
1005,142,2.37
1006,78,3.09
1007,232,2.98
1008,97,3.33
1009,291,3.19
1010,242,3.27
1011,135,2.73
1012,301,3.7
1013,258,3.57
1014,136,3.4
1015,234,3.35
1016,156,3.22
1017,276,3.59
1018,123,3.25
1019,575,3.7
1020,392,3.24
1021,247,2.77
1022,577,3.76
1023,221,3.99
1024,126,3.25
1025,293,3.61
1026,8,3.63
1027,344,3.16
1028,1011,3.89
1029,568,3.69
1030,323,3.08
1031,319,3.48
1032,525,3.7
1033,287,3.45
1034,169,3.64
1035,882,3.93
1036,1666,4.12
1037,615,2.66
1038,11,3.27
1039,3,3.67
1040,5,3.0
1041,474,4.04
1042,528,3.48
1043,108,2.84
1044,35,3.29
1046,90,4.07
1047,434,3.48
1049,451,3.33
1050,146,3.82
1051,98,3.42
1053,35,2.91
1054,81,3.31
1055,19,2.74
1056,50,3.54
1057,274,3.56
1058,11,3.27
1059,479,3.4
1060,786,3.94
1061,374,3.55
1062,2,2.5
1063,26,3.15
1064,209,2.89
1066,175,4.17
1067,23,3.78
1068,35,3.69
1069,110,3.93
1070,2,3.0
1071,5,3.4
1073,1313,3.86
1076,23,4.0
1077,744,3.98
1078,372,3.84
1079,1326,3.97
1080,926,4.02
1081,434,3.62
1082,154,3.7
1083,164,3.53
1084,686,4.1
1085,131,3.78
1086,379,4.08
1087,18,3.44
1088,687,3.31
1089,1259,4.14
1090,1143,4.09
1091,373,2.79
1092,751,3.54
1093,680,3.41
1094,1229,3.73
1095,571,3.88
1096,344,3.98
1097,2269,3.97
1098,5,2.4
1099,194,3.99
1100,420,2.81
1101,1010,3.69
1102,4,2.0
1103,402,3.92
1104,483,4.23
1105,42,1.79
1107,3,2.0
1111,94,4.1
1112,35,3.43
1113,50,3.0
1114,31,2.87
1115,1,1.0
1116,17,3.41
1117,12,4.25
1118,1,2.0
1119,34,3.21
1120,456,3.58
1121,13,3.08
1123,33,3.73
1124,405,3.74
1125,385,3.78
1126,317,2.37
1127,1715,3.68
1128,170,2.92
1129,884,3.46
1130,231,3.26
1131,216,4.32
1132,220,4.26
1133,2,2.0
1134,2,3.0
1135,407,3.19
1136,1599,4.34
1138,7,3.86
1139,2,4.0
1142,2,1.0
1144,16,3.75
1145,2,2.5
1147,277,4.32
1148,882,4.51
1149,4,3.5
1150,158,3.93
1151,31,3.48
1152,29,3.48
1153,14,3.43
1154,15,3.73
1160,6,2.17
1161,94,3.95
1162,96,3.91
1163,19,2.95
1164,5,3.6
1165,1,1.0
1167,94,2.89
1168,18,2.06
1169,36,3.72
1170,17,1.65
1171,415,3.73
1172,615,4.29
1173,198,3.35
1174,5,3.8
1175,368,4.0
1176,129,3.94
1177,147,3.99
1178,230,4.47
1179,885,3.79
1180,50,3.84
1181,10,2.9
1183,989,3.61
1184,91,3.8
1185,453,3.96
1186,562,3.61
1187,147,3.66
1188,676,3.95
1189,269,4.25
1190,132,3.51
1191,209,3.06
1192,105,4.03
1193,1725,4.39
1194,212,3.48
1196,2990,4.29
1197,2318,4.3
1198,2514,4.48
1199,913,4.1
1200,1820,4.13
1201,822,4.13
1202,72,3.61
1203,616,4.3
1204,831,4.4
1205,231,3.38
1206,1229,4.08
1207,928,4.43
1208,1176,4.24
1209,173,4.02
1210,2883,4.02
1211,242,4.11
1212,480,4.45
1213,1657,4.28
1214,2024,4.16
1215,945,3.8
1216,87,3.66
1217,357,4.27
1218,244,4.2
1219,1263,4.22
1220,1341,3.94
1221,1692,4.36
1222,1254,4.11
1223,473,4.36
1224,426,4.29
1225,1382,4.25
1226,226,4.05
1227,241,3.86
1228,677,4.19
1230,1334,4.14
1231,750,4.08
1232,52,3.63
1233,1001,4.3
1234,1049,4.32
1235,697,4.16
1236,90,4.19
1237,299,4.23
1238,351,4.0
1240,2098,4.15
1241,70,3.36
1242,1112,4.19
1243,325,3.98
1244,718,4.08
1245,358,4.01
1246,855,4.01
1247,1261,4.25
1248,514,4.22
1249,733,4.01
1250,938,4.39
1251,228,4.11
1252,1185,4.34
1253,559,4.14
1254,453,4.29
1255,54,3.41
1256,594,4.21
1257,472,3.92
1258,1087,4.1
1259,1785,4.1
1260,308,4.3
1261,548,3.83
1262,696,4.38
1263,700,4.11
1264,257,4.05
1265,2278,3.95
1266,997,4.09
1267,765,4.33
1268,317,3.49
1269,672,4.17
1270,2583,3.99
1271,593,3.81
1272,645,4.27
1273,146,3.97
1274,452,3.93
1275,741,3.85
1276,930,4.25
1277,363,3.88
1278,1193,4.25
1279,194,3.75
1280,277,4.17
1281,216,4.03
1282,943,3.9
1283,403,4.18
1284,541,4.31
1285,803,3.82
1286,285,3.59
1287,704,4.11
1288,1118,4.18
1289,182,3.97
1290,230,3.59
1291,1628,4.13
1292,591,4.01
1293,671,4.14
1294,1099,4.12
1295,266,3.57
1296,560,4.0
1297,442,3.71
1298,387,3.64
1299,732,4.25
1300,330,4.15
1301,373,3.98
1302,768,3.91
1303,310,4.13
1304,1419,4.22
1305,121,3.79
1306,136,3.6
1307,1568,4.07
1310,43,3.56
1311,7,1.0
1312,29,3.24
1313,13,2.15
1315,3,2.33
1316,1,4.0
1317,40,3.18
1320,925,3.04
1321,549,3.75
1322,32,1.72
1323,43,1.37
1324,22,1.68
1325,23,1.65
1326,56,2.11
1327,355,2.94
1328,25,1.84
1329,36,2.67
1330,116,3.0
1331,50,3.18
1332,102,2.91
1333,733,3.88
1334,338,3.14
1335,21,1.71
1336,55,2.24
1337,64,3.56
1339,672,3.34
1340,216,3.91
1341,53,2.85
1342,262,2.9
1343,687,3.67
1344,361,3.92
1345,567,3.6
1346,174,3.18
1347,451,3.49
1348,238,3.99
1349,14,3.07
1350,409,3.62
1351,35,3.4
1352,94,2.85
1353,188,3.09
1354,267,3.82
1355,77,2.96
1356,1310,3.71
1357,548,3.81
1358,1177,4.21
1359,222,2.48
1360,2,3.5
1361,159,4.21
1362,100,4.03
1363,112,2.97
1364,2,3.5
1365,58,3.84
1366,108,3.19
1367,364,3.05
1369,5,3.8
1370,1135,3.54
1371,792,3.14
1372,1001,3.41
1373,613,2.75
1374,1448,3.88
1375,927,3.35
1376,1126,3.66
1377,1031,2.98
1378,562,3.42
1379,369,2.91
1380,817,3.58
1381,303,1.96
1382,127,2.78
1383,11,1.55
1384,6,3.83
1385,461,3.27
1386,1,1.0
1387,1697,4.09
1388,370,2.59
1389,210,1.85
1390,121,3.2
1391,1074,2.9
1392,219,3.74
1393,1353,3.76
1394,1434,4.02
1395,295,3.33
1396,1091,3.73
1397,63,3.65
1398,63,3.19
1399,104,3.2
1401,162,3.51
1404,76,3.14
1405,475,3.04
1406,24,3.46
1407,886,3.58
1408,975,3.81
1409,392,3.05
1410,90,2.87
1411,382,3.96
1412,20,3.9
1413,50,3.38
1414,168,3.6
1415,36,3.56
1416,282,3.26
1417,43,2.77
1419,136,3.96
1420,7,4.0
1421,22,3.05
1422,281,3.02
1423,14,4.36
1425,168,3.29
1426,23,2.52
1427,51,2.29
1428,52,3.25
1429,297,3.31
1430,1,1.0
1431,232,2.55
1432,100,2.77
1433,5,1.8
1434,2,4.0
1436,9,2.89
1437,21,3.1
1438,321,2.82
1439,46,2.35
1440,81,2.77
1441,481,3.44
1442,71,3.1
1444,8,3.38
1445,156,2.17
1446,189,4.05
1447,49,3.37
1449,462,4.15
1450,14,3.79
1453,148,2.43
1454,82,3.16
1455,22,2.77
1456,64,2.36
1457,266,3.11
1458,24,2.83
1459,380,3.36
1460,94,2.68
1461,216,2.57
1463,34,3.03
1464,145,3.35
1465,126,3.49
1466,719,3.8
1468,144,2.56
1470,1,4.0
1471,5,3.4
1472,48,3.25
1473,40,2.83
1474,146,2.34
1475,81,3.15
1476,499,3.49
1477,27,3.44
1479,563,3.2
1480,265,3.28
1482,63,3.33
1483,141,2.76
1484,124,3.7
1485,666,3.5
1486,7,3.14
1487,162,3.07
1488,288,2.86
1489,37,2.57
1490,26,1.81
1493,17,3.29
1494,19,2.47
1495,44,1.32
1496,25,3.16
1497,48,2.08
1498,131,3.14
1499,399,2.2
1500,1136,3.81
1501,18,2.61
1502,13,3.08
1503,145,2.32
1504,16,3.5
1507,42,3.33
1508,36,3.31
1509,21,3.67
1510,2,2.5
1511,24,3.58
1513,755,3.05
1514,7,2.71
1515,181,2.56
1516,52,3.65
1517,1205,3.71
1518,354,3.42
1519,6,3.33
1520,15,2.47
1522,7,2.43
1523,57,2.63
1525,44,2.09
1526,88,2.47
1527,1377,3.64
1528,2,2.0
1529,31,3.23
1531,11,3.64
1532,6,2.67
1533,24,3.88
1534,6,3.67
1535,103,3.49
1537,350,4.14
1538,6,1.67
1539,11,2.82
1541,240,3.1
1542,238,3.54
1543,7,3.29
1544,1255,3.04
1545,73,4.07
1546,49,3.82
1547,37,3.32
1548,2,2.5
1549,19,2.68
1550,71,2.7
1551,36,2.83
1552,954,3.27
1553,4,2.75
1554,138,3.48
1555,2,3.0
1556,367,1.87
1558,2,1.5
1561,4,3.25
1562,606,2.26
1563,40,3.6
1564,36,3.83
1565,17,3.0
1566,469,3.28
1567,9,3.44
1569,820,3.43
1570,23,3.3
1571,45,3.96
1572,26,3.73
1573,1421,3.4
1574,15,2.87
1575,14,3.14
1579,1,3.0
1580,2538,3.74
1581,59,2.85
1582,60,3.17
1583,27,2.78
1584,1382,3.77
1585,28,3.21
1586,557,3.05
1587,572,3.42
1588,289,3.08
1589,492,3.36
1590,498,2.52
1591,475,2.62
1592,112,2.49
1593,162,2.86
1594,307,3.78
1595,65,1.74
1596,32,3.47
1597,811,3.41
1598,111,2.71
1599,67,1.64
1600,84,2.87
1601,75,2.72
1602,43,2.12
1603,348,2.93
1604,65,2.75
1605,88,2.66
1606,109,2.34
1608,1076,3.59
1609,55,2.75
1610,1652,4.05
1611,236,3.35
1612,55,3.33
1613,30,2.9
1614,428,3.28
1615,227,3.62
1616,395,3.09
1617,2288,4.22
1619,362,3.43
1620,395,3.34
1621,85,3.28
1622,5,2.4
1623,128,2.21
1624,50,2.72
1625,882,3.91
1626,81,2.52
1627,250,3.08
1629,109,3.02
1630,1,2.0
1631,49,3.59
1632,20,2.45
1633,266,3.66
1635,507,3.8
1636,5,2.4
1639,966,3.78
1640,84,2.54
1641,1199,3.87
1642,74,3.05
1643,265,3.88
1644,475,2.63
1645,826,3.44
1646,88,2.82
1647,90,2.88
1648,194,3.47
1649,189,3.85
1650,50,3.34
1651,17,2.88
1652,4,3.25
1653,1077,3.71
1654,87,3.31
1655,77,2.43
1656,14,3.21
1657,20,3.5
1658,116,3.17
1659,7,2.86
1660,179,3.57
1661,88,3.19
1662,20,2.65
1663,740,3.84
1664,5,4.2
1665,200,2.69
1666,20,2.6
1667,113,2.78
1668,39,2.54
1669,37,3.46
1670,82,3.5
1671,22,3.18
1672,321,3.57
1673,1128,3.77
1674,1046,4.0
1675,11,3.09
1676,1163,3.13
1677,37,2.76
1678,474,3.83
1679,24,1.96
1680,464,3.79
1681,134,2.18
1682,1005,3.86
1683,218,3.76
1684,58,3.72
1685,6,3.5
1686,109,3.16
1687,337,3.08
1688,304,3.5
1689,252,3.15
1690,779,2.96
1692,20,2.55
1693,351,3.72
1694,471,3.73
1695,32,3.69
1696,28,3.57
1699,155,3.5
1701,284,3.42
1702,302,2.55
1703,62,2.94
1704,1548,4.18
1707,154,1.88
1709,1,2.0
1711,628,3.25
1713,231,3.04
1714,1,2.0
1715,13,3.0
1717,455,2.98
1718,7,2.57
1719,381,4.04
1720,7,1.29
1721,1546,3.58
1722,862,3.44
1724,1,3.0
1725,23,3.74
1726,137,2.77
1727,210,3.23
1728,22,3.32
1729,724,3.69
1730,176,3.73
1731,64,1.88
1732,1097,3.74
1733,82,3.11
1734,201,3.83
1735,263,3.2
1739,47,1.36
1741,5,4.0
1743,11,3.91
1744,77,2.68
1746,55,2.76
1747,907,3.49
1748,874,3.82
1749,10,3.4
1750,63,2.19
1752,206,2.66
1753,198,3.2
1754,388,3.39
1755,30,3.53
1756,51,2.55
1758,100,3.65
1759,51,3.98
1760,190,1.87
1762,227,2.74
1764,1,3.0
1767,26,3.0
1769,319,3.14
1770,19,3.47
1771,47,2.64
1772,230,2.43
1773,2,2.5
1777,909,3.49
1779,541,2.66
1780,8,4.13
1782,8,2.5
1783,220,2.93
1784,1424,3.95
1785,180,3.39
1787,2,3.5
1788,91,3.96
1791,53,2.96
1792,448,3.17
1793,13,2.38
1794,151,3.43
1795,2,4.5
1796,5,2.4
1797,167,4.01
1798,42,2.57
1799,213,3.41
1801,391,3.04
1804,119,3.03
1805,626,3.45
1806,168,2.89
1807,17,3.41
1809,36,3.81
1810,353,3.56
1811,13,3.69
1812,44,3.48
1814,25,3.36
1815,1,2.0
1816,101,2.96
1817,12,3.0
1820,1,2.0
1821,211,3.19
1822,21,2.05
1824,104,3.37
1825,33,2.67
1826,40,1.55
1827,102,4.0
1829,37,3.0
1830,1,5.0
1831,667,2.58
1832,1,4.0
1833,264,3.0
1834,493,3.94
1835,366,3.29
1836,135,3.31
1837,64,2.69
1839,69,2.26
1840,160,3.38
1841,95,2.95
1842,2,4.0
1843,1,3.0
1844,29,3.86
1845,301,3.75
1846,20,3.25
1848,177,3.05
1849,7,2.57
1850,13,2.85
1851,2,4.0
1852,1,2.0
1853,17,2.0
1854,48,3.02
1855,108,2.4
1856,72,3.06
1857,24,3.08
1858,172,3.27
1859,32,3.53
1860,44,3.77
1861,3,3.33
1862,198,2.05
1863,142,2.22
1864,11,2.73
1865,54,3.56
1866,189,3.09
1867,38,2.42
1868,2,2.0
1869,51,2.31
1870,72,3.51
1871,4,4.0
1872,10,3.2
1873,259,3.76
1874,27,3.37
1875,164,3.4
1876,895,3.17
1877,4,2.5
1878,11,2.0
1879,22,3.91
1880,26,3.42
1881,68,2.78
1882,499,2.32
1883,664,3.44
1884,298,3.35
1885,608,3.69
1886,4,2.75
1887,60,2.48
1888,387,2.99
1889,49,3.88
1890,7,2.43
1891,9,1.89
1892,401,3.37
1893,21,3.76
1894,471,2.91
1895,306,3.24
1896,47,3.11
1897,133,3.5
1898,14,3.64
1899,10,3.2
1900,61,4.16
1901,5,4.0
1902,30,3.1
1903,6,3.33
1904,113,3.49
1905,2,1.5
1906,32,3.22
1907,490,3.74
1908,1,3.0
1909,996,3.49
1910,41,3.76
1911,527,2.93
1912,908,3.8
1913,167,3.83
1914,372,3.81
1915,1,4.0
1916,354,3.51
1917,1110,3.19
1918,669,3.14
1919,116,3.17
1920,364,2.81
1921,613,3.79
1922,52,3.42
1923,1371,3.9
1924,249,2.63
1925,45,3.89
1926,32,3.19
1927,268,4.19
1928,29,3.38
1929,84,3.79
1930,5,3.0
1931,225,4.03
1932,36,3.28
1933,21,3.38
1934,77,4.01
1935,107,4.03
1936,82,3.88
1937,63,3.73
1938,122,3.91
1939,236,4.12
1940,91,3.89
1941,113,3.81
1942,119,4.03
1943,61,3.28
1944,364,4.1
1945,519,4.27
1946,205,3.98
1947,761,4.06
1948,198,3.86
1949,219,4.23
1950,348,4.13
1951,213,3.69
1952,663,4.11
1953,861,4.1
1954,1129,3.94
1955,452,3.8
1956,507,3.99
1957,634,3.8
1958,530,3.61
1959,626,3.65
1960,636,3.98
1961,1330,4.05
1962,652,3.88
1963,252,4.05
1964,302,3.81
1965,751,3.68
1966,198,3.65
1967,554,3.64
1968,1539,3.88
1969,274,2.32
1970,268,2.64
1971,242,2.24
1972,200,2.0
1973,215,2.18
1974,317,3.04
1975,171,2.43
1976,199,1.98
1977,169,2.18
1978,114,2.08
1979,112,2.18
1980,91,2.15
1981,99,1.84
1982,506,3.71
1983,195,2.75
1984,105,2.1
1985,129,2.41
1986,127,2.13
1987,91,2.33
1988,51,2.1
1989,15,1.47
1990,16,1.69
1991,239,2.7
1992,133,2.11
1993,97,1.9
1994,795,3.68
1995,182,2.42
1996,112,1.83
1997,885,3.96
1998,113,1.77
1999,127,2.75
2000,1627,3.89
2001,1011,3.55
2002,802,3.25
2003,776,3.27
2004,372,2.51
2005,716,3.5
2006,983,3.56
2007,65,2.68
2008,15,2.53
2009,422,3.52
2010,388,4.08
2011,1158,3.34
2012,1148,3.24
2013,622,3.45
2014,180,3.18
2015,380,3.45
2016,109,2.66
2017,162,2.99
2018,589,3.74
2019,628,4.56
2020,773,3.97
2021,789,3.36
2022,254,3.53
2023,774,3.34
2024,148,3.32
2025,221,3.34
2026,161,2.69
2027,129,2.45
2028,2653,4.34
2029,76,3.67
2031,37,3.03
2032,40,2.93
2033,200,3.17
2034,295,2.77
2035,57,3.11
2036,96,2.22
2037,54,3.54
2038,198,2.9
2039,1,1.0
2040,128,2.95
2041,145,2.67
2042,193,2.63
2043,158,3.27
2044,52,2.54
2045,55,3.45
2046,536,3.47
2047,22,3.18
2048,131,3.5
2049,37,3.32
2050,104,2.54
2051,101,2.55
2052,183,2.87
2053,381,2.26
2054,1045,2.93
2055,42,2.83
2056,18,3.5
2057,91,3.34
2058,799,3.61
2059,268,3.28
2060,183,2.99
2061,7,3.57
2062,70,3.2
2063,8,2.5
2064,798,4.07
2065,479,3.6
2066,106,4.15
2067,564,4.07
2068,128,3.88
2069,140,3.79
2070,264,3.91
2071,171,3.93
2072,303,2.91
2073,66,3.67
2074,21,3.52
2075,81,3.74
2076,654,3.76
2077,154,3.49
2078,664,3.82
2079,14,3.57
2080,864,3.8
2081,1035,3.76
2082,361,2.89
2083,262,3.61
2084,93,3.13
2085,565,3.6
2086,29,3.55
2087,594,3.66
2088,471,2.59
2089,239,3.2
2090,249,3.47
2091,186,2.85
2092,163,2.44
2093,276,2.85
2094,736,3.11
2095,113,2.97
2096,511,3.71
2097,213,3.49
2098,76,3.14
2099,221,3.6
2100,1163,3.43
2101,15,3.53
2102,197,3.39
2103,37,3.08
2104,53,3.34
2105,970,3.36
2106,185,3.3
2107,199,2.69
2108,825,3.71
2109,573,3.74
2110,367,3.26
2111,312,3.23
2112,346,3.49
2113,79,2.15
2114,256,3.69
2115,1127,3.68
2116,438,3.33
2117,278,3.72
2118,363,3.7
2119,147,2.27
2120,242,2.94
2121,245,2.73
2122,233,2.45
2123,215,2.87
2124,714,3.17
2125,416,3.71
2126,495,2.75
2127,4,3.5
2128,25,3.32
2129,8,3.75
2130,304,3.83
2131,30,3.73
2132,297,4.07
2133,541,3.28
2134,510,3.42
2135,238,3.2
2136,222,3.15
2137,497,3.82
2138,305,3.84
2139,369,3.85
2140,710,3.65
2141,404,3.43
2142,201,2.83
2143,355,3.27
2144,719,3.71
2145,693,3.37
2146,352,3.11
2147,231,2.55
2148,166,2.89
2149,103,2.25
2150,695,3.73
2151,128,3.17
2152,69,2.12
2153,288,2.0
2154,140,2.79
2155,267,3.31
2156,9,3.78
2157,20,3.25
2158,20,2.6
2159,219,3.48
2160,712,3.82
2161,699,3.61
2162,177,2.41
2163,206,2.61
2164,20,2.05
2165,109,3.38
2166,144,3.52
2167,809,3.48
2168,79,3.08
2169,130,2.68
2170,123,2.55
2171,196,3.69
2172,4,3.25
2173,110,3.56
2174,1495,3.57
2175,18,3.83
2176,191,3.9
2177,83,3.22
2178,95,3.66
2179,39,3.15
2180,58,3.33
2181,118,3.57
2182,98,3.58
2183,179,3.93
2184,147,3.6
2185,17,3.59
2186,482,4.3
2187,26,3.58
2188,259,2.76
2189,21,3.71
2190,52,2.85
2191,10,2.8
2192,7,3.29
2193,802,3.5
2194,1127,4.01
2195,135,3.01
2196,27,2.44
2197,11,4.18
2198,2,4.0
2200,8,2.5
2201,20,3.4
2202,213,3.94
2203,233,4.27
2204,89,3.82
2205,33,3.52
2206,167,4.01
2207,8,2.88
2208,199,4.19
2209,10,3.3
2210,54,3.7
2211,19,3.53
2212,128,3.84
2213,1,1.0
2214,1,3.0
2215,12,3.5
2217,1,1.0
2218,1,2.0
2219,10,3.4
2221,11,3.09
2223,3,3.33
2226,1,3.0
2227,21,3.52
2231,345,3.61
2232,233,3.47
2233,5,1.6
2234,8,1.88
2235,1,2.0
2236,202,3.61
2237,44,3.59
2238,77,3.83
2239,97,3.74
2240,238,3.51
2241,129,2.78
2242,6,2.5
2243,789,3.75
2244,7,1.86
2245,514,3.41
2246,14,2.71
2247,365,3.09
2248,914,4.02
2249,239,3.19
2250,62,3.15
2251,2,3.5
2252,186,3.02
2253,440,2.56
2254,1,2.0
2255,79,2.61
2256,24,2.38
2257,17,2.94
2258,2,3.0
2259,201,2.72
2260,49,2.8
2261,161,3.33
2262,326,3.16
2263,175,3.1
2264,83,2.59
2265,83,2.0
2266,195,2.87
2267,74,2.95
2268,1061,3.93
2269,217,2.74
2271,76,3.29
2272,112,3.46
2273,627,3.57
2275,71,3.37
2276,70,3.71
2277,1,2.0
2278,806,3.53
2279,226,2.72
2280,125,3.43
2281,11,3.45
2282,316,3.52
2283,61,2.92
2284,43,3.79
2285,54,3.89
2286,43,2.51
2287,280,3.44
2288,741,3.79
2289,978,3.96
2290,121,3.28
2291,1473,3.59
2292,20,2.5
2293,25,3.24
2294,645,3.48
2295,74,3.81
2296,144,2.38
2297,355,3.11
2298,15,1.87
2299,4,3.75
2300,658,4.14
2301,371,3.59
2302,1086,3.78
2303,325,3.92
2304,7,3.57
2305,25,3.48
2306,90,2.49
2307,38,2.63
2308,1,2.0
2309,2,4.5
2310,134,3.8
2311,470,3.42
2312,331,3.83
2313,457,4.01
2314,104,3.13
2315,147,2.37
2316,236,2.98
2317,8,2.63
2318,320,3.9
2320,187,3.11
2321,1158,3.7
2322,290,2.93
2323,35,3.94
2324,1152,4.33
2325,119,3.13
2326,12,3.0
2327,100,2.85
2328,173,2.85
2329,640,4.23
2330,92,4.16
2331,179,3.22
2332,8,3.25
2333,578,3.81
2334,386,3.12
2335,420,2.93
2336,938,4.03
2337,126,3.21
2338,295,2.2
2339,27,2.93
2340,344,3.25
2341,44,3.27
2342,11,3.73
2343,2,2.0
2344,201,3.42
2345,43,3.37
2346,300,3.31
2347,95,3.74
2348,304,3.55
2349,167,3.61
2350,19,2.79
2351,111,4.21
2352,838,3.87
2353,988,3.69
2354,141,2.78
2355,1703,3.85
2356,96,2.9
2357,215,4.28
2358,4,4.0
2359,703,3.88
2360,117,4.31
2361,158,3.24
2362,53,2.85
2363,301,3.32
2364,121,2.78
2365,136,2.77
2366,756,3.66
2367,309,2.76
2368,58,1.69
2369,840,2.95
2370,142,3.51
2371,599,3.59
2372,238,2.97
2373,189,2.48
2374,244,2.93
2375,418,2.89
2376,325,3.27
2377,183,2.95
2378,413,3.0
2379,225,2.39
2380,196,2.03
2381,174,1.91
2382,150,1.77
2383,149,1.66
2384,523,3.29
2385,146,2.58
2386,59,1.97
2387,217,2.77
2388,15,3.47
2389,264,2.65
2390,330,3.69
2391,745,3.75
2392,205,2.23
2393,807,3.35
2394,579,3.57
2395,1220,3.84
2396,2369,4.13
2397,23,3.3
2398,380,3.96
2399,223,2.67
2400,43,2.86
2401,312,3.77
2402,401,2.83
2403,397,3.57
2404,301,2.34
2405,673,3.16
2406,1345,3.69
2407,1006,3.54
2408,259,2.53
2409,445,3.18
2410,401,2.88
2411,375,2.65
2412,274,2.1
2413,443,3.25
2414,379,3.39
2415,15,2.8
2416,354,3.15
2417,74,2.95
2418,110,3.07
2419,69,3.2
2420,493,3.42
2421,477,2.68
2422,286,2.12
2423,515,3.59
2424,838,3.38
2425,58,3.62
2426,27,2.96
2427,803,3.4
2428,513,2.78
2429,180,2.83
2430,144,3.11
2431,474,3.14
2432,146,3.14
2433,612,3.36
2434,60,3.63
2435,99,3.08
2436,122,3.59
2437,85,3.65
2438,1,4.0
2439,198,3.61
2440,47,3.36
2441,26,3.04
2442,160,3.83
2443,126,3.6
2444,5,4.0
2445,74,2.8
2446,63,2.54
2447,266,3.06
2448,189,2.35
2449,32,1.53
2450,434,2.1
2451,113,2.65
2452,19,1.68
2453,176,3.25
2454,480,3.36
2455,1071,3.44
2456,284,2.31
2457,259,3.38
2458,130,2.48
2459,247,3.22
2460,116,2.35
2461,62,2.1
2462,54,1.83
2463,475,3.46
2464,8,2.63
2465,42,2.02
2466,13,3.46
2467,324,3.9
2468,374,2.77
2469,506,3.28
2470,912,3.43
2471,414,2.63
2472,93,2.98
2473,193,2.41
2474,343,3.46
2475,140,3.3
2476,300,3.35
2477,42,2.29
2478,569,3.12
2479,44,2.27
2480,2,4.5
2481,35,3.6
2482,30,3.33
2483,25,2.92
2484,1,2.0
2485,410,3.05
2486,9,1.78
2487,7,2.43
2488,85,3.86
2490,773,3.51
2491,115,2.74
2492,139,2.86
2493,28,4.14
2494,27,4.0
2495,98,3.6
2496,360,3.36
2497,170,2.84
2498,123,2.33
2499,52,3.54
2500,119,2.6
2501,588,4.14
2502,872,3.82
2503,9,4.67
2504,181,2.88
2505,272,2.86
2506,163,3.34
2507,54,2.98
2509,18,2.78
2510,3,3.67
2511,82,3.87
2512,19,3.95
2513,305,2.96
2514,116,2.06
2515,52,1.79
2516,45,1.84
2517,273,3.06
2518,294,3.47
2519,96,3.23
2520,179,3.15
2521,84,2.63
2522,79,2.35
2523,42,2.31
2524,266,3.02
2525,153,2.24
2526,131,2.37
2527,636,3.42
2528,626,3.47
2529,1162,3.71
2530,365,2.95
2531,312,2.83
2532,358,2.84
2533,463,3.04
2534,17,2.53
2535,119,2.85
2536,37,1.89
2537,34,1.94
2538,5,3.6
2539,616,3.39
2540,156,3.03
2541,559,3.22
2542,625,3.9
2543,2,3.5
2544,18,2.78
2545,12,2.83
2546,169,2.94
2548,105,2.23
2549,175,2.23
2550,183,3.5
2551,189,3.29
2552,37,2.22
2553,219,3.36
2554,136,3.18
2555,164,1.7
2556,1,3.0
2557,5,3.4
2558,235,2.74
2559,27,2.59
2560,171,3.11
2561,131,3.04
2562,9,3.78
2563,1,3.0
2565,372,3.95
2566,40,2.43
2567,302,3.2
2568,214,2.11
2569,9,3.78
2570,102,3.6
2571,2590,4.32
2572,700,3.42
2573,48,3.42
2574,199,2.67
2575,141,4.0
2576,3,2.0
2577,28,3.29
2578,4,3.5
2579,29,3.79
2580,723,3.85
2581,624,3.17
2582,66,3.11
2583,235,3.61
2584,1,3.0
2585,48,3.85
2586,25,2.96
2587,102,2.96
2589,64,2.73
2590,48,3.04
2591,2,2.0
2592,1,3.0
2593,35,3.71
2594,62,3.95
2596,139,3.62
2597,64,2.61
2598,533,3.02
2599,1522,3.93
2600,410,3.26
2602,6,2.83
2605,777,3.17
2606,207,2.72
2607,68,4.09
2608,5,2.6
2609,67,4.22
2610,41,3.88
2611,146,3.91
2612,136,4.09
2613,281,3.1
2614,44,1.93
2615,189,3.01
2616,624,2.68
2617,1007,3.32
2618,46,3.89
2619,1,3.0
2620,36,3.69
2621,69,3.65
2622,415,3.35
2623,4,2.75
2624,102,4.09
2625,66,3.08
2626,35,3.57
2627,14,3.43
2628,2250,3.41
2629,144,2.75
2630,41,3.51
2631,5,2.0
2632,11,3.27
2633,162,3.54
2634,93,3.25
2635,31,3.03
2636,13,2.46
2637,33,2.67
2638,36,2.83
2639,163,3.2
2640,1222,3.54
2641,846,3.16
2642,511,2.34
2643,332,1.89
2644,238,3.83
2645,102,3.34
2646,39,2.87
2647,52,3.19
2648,406,3.98
2649,65,3.32
2650,33,2.76
2651,82,3.15
2652,51,2.92
2653,42,2.76
2654,134,3.76
2655,47,1.77
2656,62,2.77
2657,1233,3.29
2658,11,3.09
2659,46,3.17
2660,135,3.9
2661,94,3.36
2662,565,3.86
2663,53,3.08
2664,628,3.91
2665,71,3.42
2666,28,3.21
2667,58,2.62
2668,273,2.53
2669,107,3.74
2670,220,4.0
2671,780,3.66
2672,391,3.19
2673,7,3.86
2674,26,2.69
2675,10,3.4
2676,266,3.14
2677,230,4.06
2678,25,3.12
2679,5,2.6
2681,43,3.6
2682,88,4.06
2683,1434,3.39
2685,4,3.0
2686,583,3.96
2687,442,3.67
2688,691,3.14
2689,41,3.39
2690,390,3.7
2691,20,2.95
2692,1072,4.22
2693,224,3.86
2694,791,3.14
2695,11,2.18
2696,81,3.69
2697,48,3.73
2699,1367,3.0
2700,1269,3.76
2701,902,2.16
2702,395,3.07
2703,1,3.0
2704,41,3.07
2705,7,2.71
2706,1389,3.71
2707,634,3.5
2708,47,3.83
2709,232,3.18
2710,1237,3.03
2711,32,3.56
2712,945,3.2
2713,421,2.5
2714,87,3.25
2715,22,2.23
2716,2181,3.91
2717,565,2.91
2718,383,3.13
2719,476,2.38
2720,373,2.17
2721,85,3.76
2722,598,2.87
2723,853,3.01
2724,650,3.12
2725,95,3.75
2726,130,4.17
2727,32,3.47
2728,426,4.02
2729,201,3.87
2730,169,3.55
2731,187,4.32
2732,148,3.98
2733,50,2.44
2734,466,3.36
2735,459,2.9
2736,225,3.44
2737,23,2.91
2738,79,3.46
2739,450,3.86
2740,17,2.65
2741,61,3.02
2742,1,2.0
2743,24,3.38
2744,38,3.68
2745,229,3.9
2746,936,3.33
2747,356,3.31
2748,137,2.05
2749,87,3.22
2750,285,3.7
2751,54,2.81
2752,185,2.96
2753,57,3.49
2754,12,1.83
2755,31,2.68
2756,32,3.22
2757,135,3.82
2758,31,2.84
2759,430,3.35
2760,7,3.43
2761,674,4.05
2762,2459,4.41
2763,1089,3.64
2764,280,3.6
2765,7,2.71
2766,33,3.52
2767,25,3.08
2768,13,3.23
2769,77,3.22
2770,935,3.26
2771,171,2.89
2772,246,3.03
2773,14,2.93
2774,68,3.51
2775,14,3.29
2776,13,3.77
2777,5,2.0
2778,29,2.55
2779,345,3.62
2780,82,3.18
2781,63,3.17
2782,107,3.5
2783,10,2.6
2784,63,3.21
2785,25,3.04
2786,72,2.42
2787,162,2.9
2788,451,4.14
2789,165,2.99
2790,61,2.66
2791,1731,3.97
2792,558,2.98
2793,265,2.75
2794,385,2.92
2795,549,3.84
2796,240,2.95
2797,1491,3.86
2798,160,1.93
2799,99,1.56
2800,22,3.05
2801,91,3.52
2802,306,3.09
2803,346,3.27
2804,1352,4.24
2805,448,2.87
2806,199,2.63
2807,91,1.76
2808,375,2.51
2809,20,2.55
2810,41,3.93
2811,2,4.0
2812,46,3.24
2813,29,3.66
2814,8,2.63
2815,271,2.59
2816,148,1.86
2817,125,1.64
2818,58,1.6
2819,319,4.04
2820,53,3.57
2821,3,2.67
2822,263,3.05
2823,4,2.5
2824,14,3.93
2825,4,2.75
2826,750,3.16
2827,328,2.44
2828,121,2.11
2829,157,2.96
2830,11,3.55
2831,8,3.25
2833,6,3.67
2834,18,3.56
2835,56,2.54
2836,163,3.29
2837,21,3.38
2839,10,4.3
2840,419,2.9
2841,487,3.63
2842,42,3.45
2843,23,3.87
2844,83,3.18
2845,1,1.0
2846,166,3.37
2847,33,3.91
2848,41,3.95
2849,30,2.8
2850,7,2.71
2851,133,2.44
2852,164,3.74
2853,28,2.89
2854,11,2.36
2855,10,2.3
2856,90,2.78
2857,399,3.7
2858,3428,4.32
2859,239,4.23
2860,128,3.26
2861,354,3.15
2862,89,2.58
2863,518,3.89
2864,28,2.82
2865,20,3.05
2866,199,3.69
2867,306,3.43
2868,63,2.3
2869,3,2.67
2870,193,3.59
2871,729,3.94
2872,742,3.81
2873,22,2.68
2874,67,3.52
2875,291,3.26
2876,43,2.65
2877,211,3.01
2878,34,2.26
2879,164,3.46
2880,72,3.46
2881,786,3.2
2882,118,2.8
2883,277,3.55
2884,42,2.57
2885,61,3.36
2886,33,2.24
2887,4,2.25
2888,119,2.78
2889,287,3.44
2890,1021,3.81
2891,185,3.49
2892,12,2.5
2893,42,2.88
2894,32,2.63
2895,2,3.0
2896,28,3.32
2897,20,3.25
2898,102,2.75
2899,117,3.55
2900,161,2.68
2901,330,3.2
2902,164,2.42
2903,98,2.05
2904,17,3.76
2905,69,4.61
2906,250,2.33
2907,213,2.45
2908,850,4.01
2909,1,4.0
2911,7,3.29
2912,474,3.68
2913,17,3.29
2914,11,2.18
2915,852,3.64
2916,1996,3.68
2917,504,4.03
2918,1473,4.12
2919,391,3.9
2920,100,4.19
2921,317,3.88
2922,241,3.75
2923,17,3.41
2924,133,3.91
2925,57,4.23
2926,445,3.35
2927,99,4.08
2928,77,3.34
2929,215,3.47
2930,5,4.4
2931,10,4.3
2932,118,3.96
2933,9,3.44
2934,5,2.4
2935,145,4.19
2936,161,4.09
2937,104,4.29
2938,31,3.74
2939,52,3.5
2940,107,4.01
2941,280,3.61
2942,362,3.1
2943,160,3.78
2944,707,4.0
2945,28,2.68
2946,291,3.77
2947,897,3.97
2948,771,3.89
2949,646,3.87
2950,346,2.33
2951,522,3.99
2952,186,3.75
2953,341,2.39
2955,4,2.0
2956,141,3.13
2959,1451,4.08
2960,4,2.75
2961,280,2.82
2962,10,3.4
2963,17,3.71
2964,12,3.33
2965,72,2.03
2966,429,4.06
2967,127,3.75
2968,1010,3.69
2969,91,3.91
2970,98,3.96
2971,317,3.82
2972,65,4.02
2973,460,4.05
2974,67,1.84
2975,111,3.04
2976,557,3.07
2977,45,2.91
2978,103,2.84
2979,37,2.19
2981,15,3.73
2982,38,2.11
2983,81,3.99
2984,9,3.44
2985,1229,3.45
2986,493,2.38
2987,1799,3.68
2988,108,3.64
2989,425,3.5
2990,385,3.2
2991,422,3.59
2992,31,2.48
2993,404,3.71
2994,10,3.5
2995,341,2.31
2996,133,3.43
2997,2241,4.13
2998,13,3.54
2999,4,4.0
3000,345,4.15
3001,6,1.67
3002,35,3.91
3003,8,3.25
3004,252,2.48
3005,640,3.38
3006,884,4.06
3007,295,4.01
3008,51,3.73
3010,35,3.6
3011,149,3.61
3012,10,3.4
3013,65,2.89
3014,49,2.92
3015,144,3.38
3016,447,3.16
3017,104,2.53
3018,248,3.48
3019,416,3.92
3020,524,3.45
3021,36,2.86
3022,206,4.37
3024,161,2.35
3025,14,3.29
3026,8,1.5
3027,7,1.14
3028,139,3.76
3029,190,3.27
3030,215,4.4
3031,53,2.15
3032,224,3.54
3033,899,3.28
3034,343,3.74
3035,421,4.15
3036,174,3.23
3037,591,4.04
3038,74,4.2
3039,839,3.83
3040,315,3.31
3041,73,1.7
3042,65,1.55
3043,40,1.73
3044,583,3.86
3045,118,3.09
3046,85,3.49
3047,18,3.56
3048,71,2.35
3049,37,3.24
3050,16,3.13
3051,161,2.95
3052,989,3.71
3053,341,3.02
3054,136,1.98
3055,82,3.39
3056,6,3.67
3057,2,4.0
3058,12,2.17
3060,558,3.83
3061,275,3.88
3062,352,3.97
3063,139,2.72
3064,60,2.5
3065,1,4.0
3066,194,3.7
3067,353,3.89
3068,379,3.87
3069,55,3.82
3070,611,3.39
3071,327,3.76
3072,982,3.79
3073,33,3.24
3074,222,3.79
3075,69,3.99
3076,93,3.71
3077,88,4.23
3078,155,3.65
3079,145,3.88
3081,1066,3.52
3082,862,3.38
3083,394,4.09
3084,2,3.5
3085,2,2.5
3086,81,3.58
3087,516,3.48
3088,356,4.09
3089,252,4.36
3090,177,4.14
3091,141,4.28
3092,20,4.0
3093,208,3.7
3094,101,3.85
3095,521,4.13
3096,93,3.96
3097,206,4.04
3098,548,3.83
3099,273,3.24
3100,623,3.76
3101,802,3.67
3102,244,3.64
3103,68,3.06
3104,765,3.86
3105,680,3.78
3106,25,3.24
3107,869,3.44
3108,945,3.63
3109,64,3.22
3110,33,3.39
3111,213,3.7
3112,70,3.37
3113,564,2.63
3114,1585,4.22
3115,110,3.16
3116,11,2.73
3117,73,3.3
3118,66,3.53
3119,3,1.67
3120,130,3.02
3121,18,3.56
3122,29,3.38
3123,3,1.0
3124,34,3.32
3125,200,3.52
3126,3,4.0
3127,56,3.23
3128,51,3.45
3129,288,3.7
3130,118,2.37
3131,2,3.5
3132,38,3.63
3133,42,3.71
3134,165,4.34
3135,195,3.95
3136,3,3.0
3137,16,3.81
3138,66,3.2
3139,17,3.18
3140,9,3.44
3141,62,3.05
3142,130,3.38
3143,33,3.7
3144,49,3.27
3145,259,3.36
3146,308,2.76
3147,1222,4.15
3148,711,3.95
3149,9,2.44
3150,60,3.68
3151,1,2.0
3152,354,3.97
3153,258,3.62
3154,8,3.5
3155,333,3.41
3156,383,2.91
3157,520,3.15
3158,44,3.64
3159,453,3.81
3160,1113,3.89
3161,19,3.47
3162,21,2.48
3163,304,3.7
3164,1,4.0
3165,61,2.62
3166,6,1.17
3167,166,3.63
3168,485,3.77
3169,253,3.51
3171,25,3.92
3172,1,5.0
3173,483,3.13
3174,874,3.49
3175,1728,3.77
3176,1331,3.5
3177,168,2.6
3178,509,3.85
3179,225,3.41
3180,70,2.2
3181,163,3.71
3182,124,3.96
3183,45,3.62
3184,5,3.0
3185,398,3.41
3186,431,3.48
3187,3,3.0
3188,54,3.7
3189,300,3.64
3190,161,2.15
3192,24,4.08
3194,220,3.3
3196,394,4.23
3197,251,3.3
3198,325,4.07
3199,72,3.35
3200,172,3.85
3201,359,3.95
3202,1,1.0
3203,497,3.68
3204,204,3.66
3205,4,2.25
3206,133,3.25
3207,5,3.2
3208,264,2.76
3209,1,1.0
3210,886,3.84
3211,66,3.52
3212,2,2.5
3213,232,3.56
3214,97,3.33
3215,11,3.18
3216,3,3.33
3217,91,3.35
3218,32,3.19
3219,447,3.26
3220,1,2.0
3221,29,3.41
3222,30,4.17
3223,29,3.41
3224,77,4.05
3225,122,2.69
3228,2,1.0
3229,1,4.0
3230,78,3.67
3232,5,4.0
3233,2,5.0
3235,71,3.0
3236,2,3.5
3237,1,1.0
3238,267,2.13
3239,37,2.38
3240,33,3.27
3241,57,3.67
3242,3,3.67
3243,293,2.5
3244,322,3.7
3245,5,4.8
3246,475,3.9
3247,666,3.17
3248,202,2.54
3249,340,3.14
3250,366,3.4
3251,276,3.38
3252,555,3.71
3253,1120,3.6
3254,433,2.88
3255,1099,3.68
3256,1052,3.75
3257,626,2.86
3258,339,2.75
3259,403,3.37
3260,480,3.73
3261,429,3.48
3262,163,2.97
3263,667,3.19
3264,512,3.09
3265,327,4.14
3266,154,3.66
3267,483,3.69
3268,179,1.78
3269,477,3.2
3270,200,3.29
3271,328,3.85
3272,171,3.2
3273,577,2.73
3274,438,3.11
3275,92,3.62
3276,46,2.65
3277,1,4.0
3280,1,5.0
3281,49,4.04
3282,10,3.7
3283,15,3.47
3284,45,3.73
3285,423,2.7
3286,122,2.21
3287,129,2.73
3288,4,3.0
3289,52,3.77
3290,1,3.0
3291,1,2.0
3292,6,3.83
3293,5,3.4
3294,2,2.5
3295,2,3.5
3296,203,3.79
3297,1,2.0
3298,590,3.46
3299,176,2.3
3300,542,3.3
3301,602,3.38
3302,53,3.34
3303,6,3.5
3304,56,3.57
3305,2,4.0
3306,24,3.96
3307,271,4.39
3308,294,3.2
3309,24,3.67
3310,62,3.79
3311,33,3.79
3312,1,1.0
3313,20,2.25
3314,4,3.25
3315,1,2.0
3316,289,2.77
3317,496,3.95
3318,48,3.48
3319,28,3.11
3320,45,3.51
3321,1,2.0
3322,4,2.75
3323,1,3.0
3324,190,2.76
3325,160,2.33
3326,180,2.86
3327,134,3.53
3328,314,3.84
3329,27,3.81
3330,108,3.76
3331,35,2.31
3333,16,3.5
3334,461,4.08
3335,12,2.67
3336,2,3.0
3337,2,3.5
3338,27,4.44
3339,43,3.74
3340,71,2.8
3341,177,4.04
3342,223,3.86
3343,40,2.38
3344,20,2.6
3345,23,3.13
3346,5,2.8
3347,212,3.98
3349,25,3.4
3350,143,3.97
3351,15,3.27
3352,3,2.67
3353,2,4.0
3354,793,2.6
3355,298,2.88
3357,103,3.77
3358,446,3.68
3359,520,4.08
3360,590,3.92
3361,1095,3.84
3362,765,3.97
3363,990,4.03
3364,151,3.93
3365,245,4.09
3366,265,3.81
3367,43,3.37
3368,63,3.65
3370,86,3.43
3371,48,3.71
3372,56,3.55
3373,3,2.67
3374,15,2.6
3375,65,3.34
3376,1,1.0
3377,2,3.5
3378,4,3.25
3379,95,3.95
3380,3,3.0
3381,2,3.5
3382,1,5.0
3384,276,3.8
3385,141,2.55
3386,756,3.76
3387,173,2.72
3388,298,2.72
3389,38,2.71
3390,33,1.67
3391,96,2.28
3392,157,1.94
3393,51,2.14
3394,210,2.67
3395,55,2.84
3396,744,3.86
3397,358,3.74
3398,341,3.5
3399,87,3.13
3400,29,2.52
3401,113,2.11
3402,23,3.35
3403,32,2.78
3404,219,3.45
3405,144,3.88
3406,105,3.75
3407,3,1.67
3408,1315,3.86
3409,459,3.27
3410,9,4.33
3412,175,3.37
3413,2,3.5
3414,50,3.26
3415,23,3.83
3416,51,3.94
3417,73,3.59
3418,1417,3.68
3419,13,3.15
3420,199,3.71
3421,1207,4.05
3422,210,3.4
3423,74,2.92
3424,781,3.88
3425,79,3.29
3426,215,3.2
3427,74,3.34
3428,59,2.95
3429,274,4.34
3430,220,3.34
3431,85,2.67
3432,72,2.26
3433,48,2.15
3434,38,2.26
3435,551,4.42
3436,128,2.79
3437,12,2.0
3438,534,2.68
3439,251,2.13
3440,188,1.92
3441,475,3.28
3442,39,2.31
3443,5,3.8
3444,222,3.23
3445,139,3.19
3446,39,3.41
3447,72,3.72
3448,1082,3.73
3449,34,2.97
3450,809,3.42
3451,350,3.92
3452,331,3.14
3453,89,2.48
3454,43,2.7
3456,65,3.94
3457,141,2.99
3458,1,3.0
3459,62,2.77
3460,1,1.0
3461,353,3.67
3462,305,4.24
3463,10,1.8
3464,20,2.45
3465,18,2.78
3466,219,3.55
3467,279,4.02
3468,450,4.24
3469,268,4.28
3470,92,4.33
3471,1451,4.01
3472,4,1.75
3473,24,3.42
3474,16,3.19
3475,134,3.96
3476,667,3.58
3477,271,3.04
3478,266,3.33
3479,542,3.67
3480,155,3.63
3481,1373,3.93
3482,3,3.0
3483,168,3.01
3484,302,2.73
3485,2,1.5
3486,10,3.1
3487,68,3.72
3488,22,2.0
3489,722,3.02
3490,17,2.65
3491,66,2.94
3492,14,3.57
3493,2,1.0
3494,320,3.74
3495,12,3.75
3496,59,3.22
3497,96,3.05
3498,295,4.01
3499,884,3.83
3500,177,2.71
3501,269,3.55
3502,88,3.51
3503,143,3.45
3504,688,4.02
3505,355,3.87
3506,167,3.37
3507,389,4.03
3508,365,4.04
3509,92,2.85
3510,821,3.76
3511,66,2.59
3512,454,3.68
3513,420,3.35
3514,62,3.16
3515,192,3.19
3516,227,3.77
3517,2,4.5
3518,54,2.87
3519,199,3.35
3520,32,2.56
3521,188,3.88
3522,3,4.0
3523,8,3.13
3524,534,3.43
3525,360,3.14
3526,811,3.77
3527,1297,3.65
3528,321,3.16
3529,155,3.47
3530,1,4.0
3531,27,3.04
3532,21,3.76
3533,7,3.29
3534,505,3.07
3535,630,3.22
3536,489,3.75
3537,34,3.32
3538,176,3.66
3539,39,3.85
3540,28,2.75
3542,2,3.0
3543,839,3.92
3544,97,2.92
3545,443,3.9
3546,223,3.72
3547,77,3.79
3548,274,3.84
3549,260,3.79
3550,160,3.43
3551,400,3.93
3552,967,3.85
3553,82,2.77
3554,119,3.45
3555,908,3.54
3556,328,3.63
3557,116,2.9
3559,30,3.67
3562,26,3.04
3563,13,1.92
3564,128,1.8
3565,277,3.27
3566,304,3.37
3567,35,3.4
3568,26,3.27
3569,37,3.35
3570,10,3.9
3571,127,3.38
3572,77,1.73
3573,26,1.46
3574,17,1.06
3575,3,3.33
3576,284,3.68
3577,60,2.65
3578,1924,4.11
3579,68,2.49
3580,29,3.07
3581,14,2.79
3584,129,2.77
3585,19,3.84
3586,28,3.39
3587,30,3.0
3588,48,3.33
3590,85,2.86
3591,628,3.41
3592,8,2.5
3593,342,1.61
3594,182,3.3
3595,4,3.0
3596,60,2.53
3597,37,2.73
3598,179,3.46
3599,103,3.63
3600,121,2.83
3601,2,4.0
3602,49,2.98
3603,3,3.33
3604,122,3.7
3605,51,3.1
3606,169,3.94
3607,1,5.0
3608,861,3.41
3609,4,4.0
3610,34,2.53
3611,15,3.07
3612,30,3.63
3613,94,3.76
3614,542,3.22
3615,345,3.22
3616,138,2.46
3617,419,3.27
3618,369,3.37
3619,92,3.26
3620,50,3.0
3621,3,1.67
3622,84,3.83
3623,1313,3.2
3624,791,3.65
3625,16,3.81
3626,49,2.47
3627,107,3.48
3628,101,3.42
3629,275,4.19
3631,3,2.67
3632,40,3.6
3633,353,3.46
3634,165,4.25
3635,487,3.61
3636,9,2.78
3637,20,3.95
3638,652,3.19
3639,461,3.63
3640,12,3.42
3641,8,2.75
3642,13,3.08
3643,101,3.44
3644,17,3.35
3645,18,3.61
3646,180,2.44
3647,1,4.0
3648,9,2.67
3649,295,3.17
3651,2,1.0
3652,5,3.0
3653,149,3.79
3654,502,3.96
3655,50,3.78
3656,1,5.0
3657,6,3.67
3658,69,3.65
3659,38,3.21
3660,157,2.86
3661,82,2.21
3662,92,2.1
3663,58,1.86
3664,54,1.69
3665,26,1.73
3666,6,1.67
3667,35,1.91
3668,356,3.92
3669,71,2.38
3670,21,3.67
3671,1119,4.05
3672,156,2.97
3673,31,2.32
3674,47,2.6
3675,271,3.83
3676,199,3.47
3677,45,3.89
3678,90,3.76
3679,62,4.27
3680,47,3.94
3681,325,3.92
3682,210,3.69
3683,628,4.22
3684,358,3.37
3685,545,3.59
3686,413,3.25
3687,2,2.0
3688,339,2.73
3689,141,2.04
3690,122,2.04
3691,42,2.57
3692,58,2.29
3693,182,2.7
3694,62,1.85
3695,53,1.81
3696,65,2.55
3697,643,2.87
3698,730,3.2
3699,865,3.46
3700,246,3.59
3701,504,3.22
3702,1066,3.66
3703,1034,3.67
3704,722,3.17
3705,380,2.58
3706,448,3.4
3707,237,3.08
3708,267,2.98
3709,113,2.39
3710,185,2.25
3711,33,3.21
3712,365,3.23
3713,85,3.74
3714,66,3.14
3715,88,2.45
3716,67,2.37
3717,584,2.97
3718,61,3.31
3719,45,3.02
3720,87,3.67
3721,24,2.58
3722,1,2.0
3723,269,3.73
3724,195,3.72
3725,112,3.07
3726,98,3.57
3727,148,3.71
3728,148,3.96
3729,222,3.41
3730,453,4.25
3731,43,3.4
3732,71,2.99
3733,289,3.84
3734,57,3.49
3735,495,3.98
3736,39,3.79
3737,50,4.0
3738,77,3.45
3739,40,3.98
3740,584,3.41
3741,241,4.08
3742,234,3.97
3743,77,2.6
3744,421,3.24
3745,535,3.38
3746,69,3.86
3747,148,3.75
3748,2,3.0
3749,22,3.14
3751,1329,3.88
3752,560,3.0
3753,1240,3.75
3754,206,2.5
3755,1013,3.35
3756,24,3.5
3757,17,2.82
3758,120,2.76
3759,35,3.26
3760,305,3.48
3761,28,2.96
3762,3,1.33
3763,701,3.57
3764,245,2.64
3765,46,2.85
3766,191,2.54
3767,104,2.09
3768,81,2.16
3769,190,3.38
3770,338,3.47
3771,151,3.4
3772,3,1.67
3773,171,2.82
3774,64,1.97
3775,20,3.25
3776,24,3.33
3777,11,2.18
3778,6,2.83
3779,1,3.0
3780,41,3.1
3781,29,2.59
3782,44,2.73
3783,235,4.03
3784,165,3.24
3785,613,3.01
3786,184,3.25
3787,63,3.86
3788,246,3.81
3789,156,4.2
3790,51,3.37
3791,435,3.07
3792,72,3.56
3793,1511,3.82
3794,121,3.28
3795,66,3.41
3796,13,3.38
3797,29,2.21
3798,463,3.33
3799,100,1.62
3800,3,2.33
3801,199,4.23
3802,304,2.42
3803,9,3.56
3804,43,2.53
3805,34,2.79
3806,58,3.26
3807,106,3.27
3808,44,4.02
3809,817,3.4
3810,83,3.13
3811,360,4.1
3812,285,3.56
3813,83,3.29
3814,219,4.02
3816,38,3.76
3817,16,3.19
3818,7,2.43
3819,245,4.02
3820,37,1.81
3821,248,2.64
3822,70,3.76
3823,66,3.59
3824,117,2.13
3825,201,2.76
3826,405,2.54
3827,478,3.38
3828,2,2.5
3830,25,2.88
3831,186,3.72
3832,21,3.29
3833,56,2.54
3834,176,2.82
3835,178,2.71
3836,375,3.91
3837,89,2.89
3838,42,2.62
3839,47,2.64
3840,112,2.54
3841,306,2.75
3842,1,3.0
3843,30,2.63
3844,408,3.59
3845,28,3.39
3846,138,3.14
3847,25,2.96
3848,20,3.1
3849,43,4.05
3850,13,2.92
3851,40,3.95
3852,208,3.7
3853,13,3.54
3854,20,3.65
3855,39,3.67
3857,60,2.67
3858,69,3.16
3859,82,3.88
3860,16,3.19
3861,241,3.1
3862,20,3.1
3863,658,3.26
3864,143,2.69
3865,147,3.23
3866,6,3.17
3867,12,3.33
3868,692,3.68
3869,431,3.09
3870,49,3.86
3871,305,3.84
3872,102,3.83
3873,280,3.67
3874,24,3.0
3875,5,2.8
3876,4,2.0
3877,182,2.02
3878,12,2.83
3879,144,2.78
3880,18,3.5
3881,1,5.0
3882,234,3.27
3883,15,2.73
3884,40,2.38
3885,26,3.12
3886,40,3.0
3887,4,3.0
3888,2,4.5
3889,135,2.41
3890,1,3.0
3891,7,1.71
3892,10,2.7
3893,559,3.5
3894,21,3.19
3895,94,2.34
3896,179,3.32
3897,994,4.23
3898,45,2.73
3899,3,1.67
3900,33,2.79
3901,106,2.65
3902,24,3.13
3903,52,3.5
3904,1,1.0
3905,8,3.88
3906,32,3.16
3908,92,2.18
3909,69,2.68
3910,200,3.82
3911,657,4.07
3912,40,2.3
3913,32,2.91
3914,70,3.33
3915,127,3.51
3916,437,3.92
3917,279,3.11
3918,167,2.8
3919,87,2.23
3920,66,3.71
3921,47,2.64
3922,39,2.59
3923,104,2.58
3924,26,2.92
3925,124,3.85
3926,180,3.36
3927,348,3.58
3928,206,3.44
3929,147,3.99
3930,223,3.26
3931,27,2.04
3932,232,3.75
3933,16,2.25
3934,28,3.04
3935,23,3.0
3936,112,3.72
3937,135,2.94
3938,27,1.93
3939,26,1.96
3940,15,1.73
3941,22,2.05
3942,28,1.79
3943,96,3.05
3944,9,2.11
3945,43,1.49
3946,100,2.26
3947,55,3.47
3948,862,3.64
3949,304,4.12
3950,54,3.67
3951,40,3.9
3952,388,3.78
